Barritas Redonda de Ternera para Perro 400 Gr.,3.78,https://www.petsonic.com/3120-large_default/hobbit-alf-barritas-redonda-ternera-para-perros.jpg
Barritas Redonda de Ternera para Perro 900 Gr.,7.02,https://www.petsonic.com/3120-large_default/hobbit-alf-barritas-redonda-ternera-para-perros.jpg
Barritas Redonda de Cordero para Perro 400 Gr.,3.78,https://www.petsonic.com/3126-large_default/hobbit-alf-barritas-redonda-cordero-para-perros.jpg
Barritas Redonda de Cordero para Perro 900 Gr.,7.02,https://www.petsonic.com/3126-large_default/hobbit-alf-barritas-redonda-cordero-para-perros.jpg
Barritas Redonda de Pollo para Perro 400 Gr.,3.78,https://www.petsonic.com/3128-large_default/hobbit-alf-barritas-redonda-pollo-para-perros.jpg
Barritas Redonda de Pollo para Perro 900 Gr.,7.02,https://www.petsonic.com/3128-large_default/hobbit-alf-barritas-redonda-pollo-para-perros.jpg
Mini Huesitos Tiernos Mix para Perros 500 Gr.,3.24,https://www.petsonic.com/5858-large_default/hobbit-alf-mini-huesitos-tiernos-mix-para-perros.jpg
Barritas 1kg Redonda Antisarro con Fluor Hobbit Alf,,https://www.petsonic.com/3133-large_default/hobbit-alf-barritas-1kg-redonda-antisarro-fluor-para-perros.jpg
Bocaditos Tiernos de Salmón para Perro 1 Unidad.,1.13,https://www.petsonic.com/11081-large_default/hobbit-alf-bocaditos-tiernos-salmon-para-perros.jpg
Bocaditos Tiernos de Salmón para Perro 16 Unidades,17.06,https://www.petsonic.com/11081-large_default/hobbit-alf-bocaditos-tiernos-salmon-para-perros.jpg
Estrellas Tiernas de Salmón y Queso para Perro 1 Unidad.,1.13,https://www.petsonic.com/11078-large_default/hobbit-alf-estrellas-tiernas-salmon-queso-para-perros.jpg
Estrellas Tiernas de Salmón y Queso para Perro 16 Unidades,17.06,https://www.petsonic.com/11078-large_default/hobbit-alf-estrellas-tiernas-salmon-queso-para-perros.jpg
Estrellita Tiernas de Salmón para Perro 1 Unidad.,1.13,https://www.petsonic.com/11079-large_default/hobbit-alf-estrellita-tiernas-salmon-para-perros.jpg
Estrellita Tiernas de Salmón para Perro 16 Unidades,17.06,https://www.petsonic.com/11079-large_default/hobbit-alf-estrellita-tiernas-salmon-para-perros.jpg
Estrellas Tiernas de Avestruz para Perro 1 Unidad.,1.13,https://www.petsonic.com/11080-large_default/hobbit-alf-estrellas-tiernas-avestruz-para-perros.jpg
Estrellas Tiernas de Avestruz para Perro 16 Unidades,17.06,https://www.petsonic.com/11080-large_default/hobbit-alf-estrellas-tiernas-avestruz-para-perros.jpg
Estrellas Tiernas de Ganso para Perro 1 Unidad.,1.13,https://www.petsonic.com/12040-large_default/hobbit-alf-estrellas-tiernas-ganso-para-perros.jpg
Estrellas Tiernas de Ganso para Perro 16 Unidades,12.51,https://www.petsonic.com/12040-large_default/hobbit-alf-estrellas-tiernas-ganso-para-perros.jpg
Bocaditos Tiernos de Carne de Caza para Perros 1 Unidad.,1.13,https://www.petsonic.com/12041-large_default/hobbit-alf-bocaditos-tiernos-carne-caza-para-perros.jpg
Bocaditos Tiernos de Carne de Caza para Perros 16 Unidades,17.06,https://www.petsonic.com/12041-large_default/hobbit-alf-bocaditos-tiernos-carne-caza-para-perros.jpg
Snack Huesitos Tiernos para Perros Pollo,1.62,https://www.petsonic.com/5861-large_default/hobbit-alf-snack-huesitos-tiernos-para-perros.jpg
Snack Huesitos Tiernos para Perros Cordero,1.62,https://www.petsonic.com/5861-large_default/hobbit-alf-snack-huesitos-tiernos-para-perros.jpg
Palitos Tiernos de Ternera para Perro 13 Unidades.,2.66,https://www.petsonic.com/5863-large_default/hobbit-alf-palitos-tiernos-ternera-para-perros.jpg
Hueso Piel con Fluor para Perro 13 cm,1.76,https://www.petsonic.com/5852-large_default/hobbit-alf-hueso-piel-fluor-para-perros.jpg
Hueso Piel con Fluor para Perro 25 cm,5.18,https://www.petsonic.com/5852-large_default/hobbit-alf-hueso-piel-fluor-para-perros.jpg
Hueso Piel Sabor Barbacoa para Perro 13 cm,1.76,https://www.petsonic.com/3143-large_default/hobbit-alf-hueso-piel-sabor-barbacoa-para-perros.jpg
Hueso de Piel Sabor Chocolate para Perro 13 cm,1.76,https://www.petsonic.com/5850-large_default/hobbit-alf-hueso-piel-sabor-chocolate-para-perros.jpg
Nudillo de Ternera Calcio para Perro 2 Unidades,0.54,https://www.petsonic.com/5854-large_default/hobbit-alf-nudillo-ternera-calcio-para-perros.jpg
Nudillo de Ternera Ahumado para Perro 2 Unidades,0.54,https://www.petsonic.com/5853-large_default/hobbit-alf-nudillo-ternera-ahumado-para-perros.jpg
Cañailla de Jamón para Perro 2 Unidades,0.86,https://www.petsonic.com/5857-large_default/hobbit-alf-canailla-jamon-para-perros.jpg
Mini Hueso Piel Fluor para Perros 10 Unidades.,5.67,https://www.petsonic.com/5860-large_default/hobbit-alf-mini-hueso-piel-fluor-para-perros.jpg
# ----- end of 1 page -----
Hueso Calcio con Pollo para Perro 100 Gr.,1.94,https://www.petsonic.com/11061-large_default/hobbit-alf-hueso-calcio-pollo-para-perros.jpg
Filetes de pollo y Pato para Perro 100 Gr.,2.34,https://www.petsonic.com/11054-large_default/hobbit-alf-filetes-pollo-pato-para-perros.jpg
Huesitos Puppy con Pollo para Perro 100 Gr.,1.94,https://www.petsonic.com/11055-large_default/hobbit-alf-huesitos-puppy-pollo-para-perros.jpg
Muslitos de Pollo y Calcio para Perro 100 Gr.,1.94,https://www.petsonic.com/11056-large_default/hobbit-alf-muslitos-pollo-calcio-para-perros.jpg
Rosco Piel Fluor para Perro 1 Unidad.,1.89,https://www.petsonic.com/5847-large_default/hobbit-alf-rosco-piel-fluor-para-perros.jpg
Hueso Jamón para Perro Talla Unica,1.13,https://www.petsonic.com/3152-large_default/hobbit-alf-hueso-jamon-para-perros.jpg
Hueso de Calcio Corto para Perro 1 Unidad.,1.26,https://www.petsonic.com/5846-large_default/hobbit-alf-hueso-calcio-corto-para-perros.jpg
Hueso Ternera con Calcio 1 Unidad.,2.25,https://www.petsonic.com/9577-large_default/hobbit-alf-hueso-ternera-calcio-para-perros.jpg
Hueso Ternera Ahumado para Perro 1 Unidad.,2.34,https://www.petsonic.com/9578-large_default/hobbit-alf-hueso-ternera-ahumado-para-perros.jpg
Hueso Jumbo de Ternera para Perro 40 cm,7.38,https://www.petsonic.com/9579-large_default/trixie-hueso-jumbo-ternera-para-perros.jpg
Hueso King Bone 8 cm,0.57,https://www.petsonic.com/3156-large_default/nayeco-hueso-king-bone-para-perros.jpg
Hueso King Bone 10 cm,0.61,https://www.petsonic.com/3156-large_default/nayeco-hueso-king-bone-para-perros.jpg
Hueso King Bone 13 cm,1.06,https://www.petsonic.com/3156-large_default/nayeco-hueso-king-bone-para-perros.jpg
Hueso King Bone 15 cm,1.47,https://www.petsonic.com/3156-large_default/nayeco-hueso-king-bone-para-perros.jpg
Hueso King Bone 18 cm,1.88,https://www.petsonic.com/3156-large_default/nayeco-hueso-king-bone-para-perros.jpg
Hueso King Bone 20 cm,2.62,https://www.petsonic.com/3156-large_default/nayeco-hueso-king-bone-para-perros.jpg
Hueso King Bone 25 cm,3.44,https://www.petsonic.com/3156-large_default/nayeco-hueso-king-bone-para-perros.jpg
Hueso King Bone 32 cm,5.32,https://www.petsonic.com/3156-large_default/nayeco-hueso-king-bone-para-perros.jpg
Hueso de Piel Prensada para Perro 21 cm,2.43,https://www.petsonic.com/9546-large_default/ferribiella-hueso-piel-prensada-para-perros.jpg
Huesos Marrowbone  Nylon Rellenos para Perro 9 cm,2.69,https://www.petsonic.com/6288-large_default/the-company-of-animals-huesos-marrowbone-nylon-rellenos-para-perros.jpg
Huesos Marrowbone  Nylon Rellenos para Perro 11.5 cm,3.59,https://www.petsonic.com/6288-large_default/the-company-of-animals-huesos-marrowbone-nylon-rellenos-para-perros.jpg
Huesos Marrowbone  Nylon Rellenos para Perro 13.5 cm,4.90,https://www.petsonic.com/6288-large_default/the-company-of-animals-huesos-marrowbone-nylon-rellenos-para-perros.jpg
Huesos Marrowbone  Nylon Rellenos para Perro 19 cm,6.79,https://www.petsonic.com/6288-large_default/the-company-of-animals-huesos-marrowbone-nylon-rellenos-para-perros.jpg
Huesos Marrowbone  Nylon Rellenos para Perro 23 cm,9.01,https://www.petsonic.com/6288-large_default/the-company-of-animals-huesos-marrowbone-nylon-rellenos-para-perros.jpg
Orejas de Cerda Extra para Perro 5 Unidades.,5.54,https://www.petsonic.com/8755-large_default/hobbit-alf-orejas-cerda-extra-para-perros.jpg
Orejas de Cerda Extra para Perro 25 Unidades,26.33,https://www.petsonic.com/8755-large_default/hobbit-alf-orejas-cerda-extra-para-perros.jpg
Oreja de Cerdo 1 Unidad.,1.35,https://www.petsonic.com/3158-large_default/hobbit-alf-oreja-cerdo-para-perros.jpg
Oreja de Vaca Deshidratada para Perro 1 Unidad.,0.54,https://www.petsonic.com/9993-large_default/hobbit-alf-oreja-vaca-deshidratada-para-perros.jpg
Zapato Piel Masticable para Perro (10 unidades) 12 cm,6.21,https://www.petsonic.com/5867-large_default/trixie-zapato-piel-masticable-10-unidades-para-perros.jpg
Zapato Piel Masticable para Perro (10 unidades) 20 cm,14.31,https://www.petsonic.com/5867-large_default/trixie-zapato-piel-masticable-10-unidades-para-perros.jpg
Tendón de Cuero para Perro 100 Gr.,3.40,https://www.petsonic.com/3161-large_default/hobbit-alf-tendon-cuero-para-perros.jpg
Tendón de Cuero para Perro 1 Kg.,12.56,https://www.petsonic.com/3161-large_default/hobbit-alf-tendon-cuero-para-perros.jpg
Pezuña de Ternera Rellena para Perro 1 Unidad.,1.26,https://www.petsonic.com/8214-large_default/hobbit-alf-pezuna-ternera-rellena-para-perros.jpg
Nervio de Toro 15 cm para Perro 1 Unidad.,1.17,https://www.petsonic.com/3172-large_default/hobbit-alf-nervio-toro-15-cm-para-perros.jpg
Nervio de Toro 15 cm para Perro 10 Unidades.,10.94,https://www.petsonic.com/3172-large_default/hobbit-alf-nervio-toro-15-cm-para-perros.jpg
Nervio de Toro 15 cm para Perro 40 Unidades.,40.82,https://www.petsonic.com/3172-large_default/hobbit-alf-nervio-toro-15-cm-para-perros.jpg
# ----- end of 2 page -----
Puntas de Nervio de Toro 500 Gr.,10.08,https://www.petsonic.com/3164-large_default/hobbit-alf-puntas-nervio-toro-para-perros.jpg
35 Und. Nervio Bovino Nayeco,,https://www.petsonic.com/3173-large_default/nayeco-35-und-nervio-bovino-para-perros.jpg
Nervio de Toro 20cm para Perros 7 Unidades.,12.51,https://www.petsonic.com/3169-large_default/hobbit-alf-nervio-toro-20cm-para-perros.jpg
Nervio de Toro 60-70cm para Perro 1 Unidad.,4.28,https://www.petsonic.com/3196-large_default/hobbit-alf-nervio-toro-60-70cm-para-perros.jpg
Nervio de Toro 60-70cm para Perro Pack 10 unidades,42.57,https://www.petsonic.com/3196-large_default/hobbit-alf-nervio-toro-60-70cm-para-perros.jpg
Cigarrillos Colores de Piel para Perro 100 unidades,4.46,https://www.petsonic.com/8518-large_default/dimac-cigarrillos-colores-piel-para-perros.jpg
Palitos Mordedores de Piel para Perro 4 Unidades.,1.60,https://www.petsonic.com/9463-large_default/ferribiella-palitos-mordedores-piel-para-perros.jpg
Snack de Piel para Perro 4 Unidades,9.95,https://www.petsonic.com/10104-large_default/bravo-snack-piel-para-perros.jpg
Snack Piel Surtido para Perro 7 Unidades.,12.95,https://www.petsonic.com/10105-large_default/bravo-snack-piel-surtido-para-perros.jpg
Palitos de Piel para Perro 100 unidades Ø 5 a 6 mm,7.70,https://www.petsonic.com/8392-large_default/trixie-palitos-piel-100-unidades-para-perros.jpg
Palitos de Piel para Perro 100 unidades Ø 7 a 8 mm,9.63,https://www.petsonic.com/8392-large_default/trixie-palitos-piel-100-unidades-para-perros.jpg
Palitos de Piel para Perro 100 unidades Ø 9 a 10 mm,15.08,https://www.petsonic.com/8392-large_default/trixie-palitos-piel-100-unidades-para-perros.jpg
Tira de Tendón para Perro 1 Unidad.,0.77,https://www.petsonic.com/3168-large_default/hobbit-alf-tira-tendon-para-perros.jpg
Tendon Extra 20cm para Perro 1 Unidad.,1.58,https://www.petsonic.com/5849-large_default/hobbit-alf-tendon-extra-20cm-para-perros.jpg
Busy Buddy Recambio Premio Natural para Perro Talla 1,2.33,https://www.petsonic.com/8506-large_default/nayeco-busy-buddy-recambio-premio-natural-para-perros.jpg
Busy Buddy Recambio Premio Natural para Perro Talla 2,4.98,https://www.petsonic.com/8506-large_default/nayeco-busy-buddy-recambio-premio-natural-para-perros.jpg
Busy Buddy Recambio Premio Natural para Perro Talla 3,6.95,https://www.petsonic.com/8506-large_default/nayeco-busy-buddy-recambio-premio-natural-para-perros.jpg
Huesos Prensados de Arroz para Perro 2 Unidades,1.94,https://www.petsonic.com/6612-large_default/trixie-huesos-prensados-arroz-para-perros.jpg
Snacks Tiras de Pollo Deshidratado para Perro 100 Gr.,2.79,https://www.petsonic.com/8406-large_default/trixie-snacks-tiras-pollo-deshidratado-para-perros.jpg
Rollito de Tripa Relleno de Yogur para Perro 100 Unidades,58.01,https://www.petsonic.com/7167-large_default/trixie-rollito-tripa-relleno-yogur-para-perros.jpg
Snack -Premio Paté Pollo 100 Gr.,3.56,https://www.petsonic.com/8646-large_default/trixie-snack-premio-pate-pollo-para-perros.jpg
Snack-Premio Paté Hígado 110 Gr.,2.97,https://www.petsonic.com/8393-large_default/trixie-snack-premio-pate-higado-para-perros.jpg
Snacks Vitaminados Sabor Yogur para Perro 75 Gr.,1.35,https://www.petsonic.com/8411-large_default/trixie-snacks-vitaminados-sabor-yogur-para-perros.jpg
Tableta Chocolate para Perros 100 Gr.,1.35,https://www.petsonic.com/6614-large_default/trixie-tableta-chocolate-para-perros.jpg
Tableta Chocolate Blanco para Perros 100 Gr.,1.35,https://www.petsonic.com/6613-large_default/trixie-tableta-chocolate-blanco-para-perros.jpg
# ----- end of 3 page -----
Super Star Snacks Adiestramiento para Perro. 75 Gr.,3.56,https://www.petsonic.com/5892-large_default/fish4dogs-super-star-snacks-adiestramiento-para-perros.jpg
Sea Jerky Tiras de Piel de Pescado Deshidratado para Perro 100 Gr.,3.56,https://www.petsonic.com/3214-large_default/fish4dogs-sea-jerky-tiras-piel-pescado-deshidratado-para-perros.jpg
Sea Wraps con Bacalao y Boniato para Perro 100 Gr.,3.56,https://www.petsonic.com/3257-large_default/fish4dogs-sea-wraps-bacalao-boniato-para-perros.jpg
Sea Jerky Trenzas de Pescado Deshidratado para Perro 100 Gr.,3.56,https://www.petsonic.com/3220-large_default/fish4dogs-sea-jerky-trenzas-pescado-deshidratado-para-perros.jpg
Sea Jerky Tacos de Pescado Deshidratado para Perro 100 Gr.,3.56,https://www.petsonic.com/3218-large_default/fish4dogs-sea-jerky-tacos-pescado-deshidratado-para-perros.jpg
Sea Jerky Taquitos de Pescado Pequeños Deshidratados para Perro 100 Gr.,3.56,https://www.petsonic.com/3216-large_default/fish4dogs-sea-jerky-taquitos-pescado-pequenos-deshidratados-para-perros.jpg
Sea Jerky Huesos de Piel de Pescado Deshidratada para Perro 100 Gr.,3.56,https://www.petsonic.com/5889-large_default/fish4dogs-sea-jerky-huesos-piel-pescado-deshidratada-para-perros.jpg
Sea Biscuits Tiddlers  para Perros 100 Gr.,3.56,https://www.petsonic.com/5883-large_default/fish4dogs-sea-biscuits-tiddlers-para-perros.jpg
Bocados de Calamar 75 Gr.,4.50,https://www.petsonic.com/10090-large_default/fish4dogs-bocados-calamar-para-perros.jpg
Anillas de Calamar 75 Gr.,4.95,https://www.petsonic.com/10089-large_default/fish4dogs-anillas-calamar-para-perros.jpg
Galletas con Frutas del Bosque para Perro 230 Gr.,4.59,https://www.petsonic.com/5434-large_default/naturea-galletas-frutas-bosque-para-perros.jpg
Galletas de Manzana y Canela para Perro 230 Gr.,4.59,https://www.petsonic.com/5433-large_default/naturea-galletas-manzana-canela-para-perros.jpg
Galletas con Tomate Aceite de Oliva y Queso Parmesano para Perro 230 Gr.,4.59,https://www.petsonic.com/5437-large_default/naturea-galletas-tomate-aceite-oliva-queso-parmesano-para-perros.jpg
Galletas con Pato y Moras para Perro 230 Gr.,4.82,https://www.petsonic.com/5436-large_default/naturea-galletas-pato-moras-para-perros.jpg
Galletas con Yogurt y Miel para Perro 230 Gr.,4.59,https://www.petsonic.com/5438-large_default/naturea-galletas-yogurt-miel-para-perros.jpg
Galletas con Pescado Aceite de oliva y Hierbas Aromáticas para Perro 230 Gr.,4.59,https://www.petsonic.com/5435-large_default/naturea-galletas-pescado-aceite-oliva-hierbas-aromaticas-para-perros.jpg
Galletas Puppy para Perro 100 Gr.,0.54,https://www.petsonic.com/5831-large_default/hobbit-alf-galletas-puppy-para-perros.jpg
Galletas Puppy para Perro 200 Gr.,1.35,https://www.petsonic.com/5831-large_default/hobbit-alf-galletas-puppy-para-perros.jpg
Galletas Puppy para Perro 430 gr,2.34,https://www.petsonic.com/5831-large_default/hobbit-alf-galletas-puppy-para-perros.jpg
"Galletas Puppy para Perro 2,5 Kg.",12.78,https://www.petsonic.com/5831-large_default/hobbit-alf-galletas-puppy-para-perros.jpg
Galletas Granja para Perro 200 Gr.,1.35,https://www.petsonic.com/5830-large_default/hobbit-alf-galletas-granja-para-perros.jpg
Galletas Granja para Perro 430 gr,2.34,https://www.petsonic.com/5830-large_default/hobbit-alf-galletas-granja-para-perros.jpg
Galletas Granja para Perro 4 Kg.,16.83,https://www.petsonic.com/5830-large_default/hobbit-alf-galletas-granja-para-perros.jpg
Galleta Croqueta Queso y Pollo para Perro 430 gr,2.34,https://www.petsonic.com/5855-large_default/hobbit-alf-galleta-croqueta-queso-pollo-para-perros.jpg
Galletas Alfito de Carne para Perro 430 gr,2.34,https://www.petsonic.com/5877-large_default/hobbit-alf-galletas-alfito-carne-para-perros.jpg
# ----- end of 4 page -----
Galleta Happy Happer Mix para Perros 5 Kg ,20.66,https://www.petsonic.com/5871-large_default/hobbit-alf-galleta-happy-happer-mix-para-perros.jpg
Galletas Jumbo Mini Mix para Perro 430 gr,2.34,https://www.petsonic.com/5878-large_default/hobbit-alf-galletas-jumbo-mini-mix-para-perros.jpg
Pasta Easy Treat para Cachorros 0.236 L,5.40,https://www.petsonic.com/6618-large_default/kong-pasta-easy-treat-para-cachorros-para-perros.jpg
Pasta Easy Treat para Perro 0.236 L,5.40,https://www.petsonic.com/6619-large_default/kong-pasta-easy-treat-para-perros.jpg
Galletas para Cachorro 300 Gr.,5.63,https://www.petsonic.com/6621-large_default/kong-galletas-para-cachorro-para-perros.jpg
Galletas Sabor Hígado para Perros Pequeños 200 Gr.,4.37,https://www.petsonic.com/7109-large_default/kong-galletas-sabor-higado-pequenos-para-perros.jpg
Galletas para Perro 300 Gr.,5.63,https://www.petsonic.com/6620-large_default/kong-galletas-para-perros.jpg
Delibakie Biscotti 90 Gr,1.04,https://www.petsonic.com/7275-large_default/purina-pro-plan-delibakie-biscotti-para-perros.jpg
Delibakie Biscotti 270 Gr,2.25,https://www.petsonic.com/7275-large_default/purina-pro-plan-delibakie-biscotti-para-perros.jpg
Delibakie Hearts 100 Gr.,1.04,https://www.petsonic.com/7252-large_default/purina-pro-plan-delibakie-hearts-para-perros.jpg
Delibakie Hearts 350 Gr.,2.25,https://www.petsonic.com/7252-large_default/purina-pro-plan-delibakie-hearts-para-perros.jpg
Delibakie Rolls 100 Gr.,1.04,https://www.petsonic.com/7257-large_default/purina-pro-plan-delibakie-rolls-para-perros.jpg
Delibakie Rolls 320 Gr,2.25,https://www.petsonic.com/7257-large_default/purina-pro-plan-delibakie-rolls-para-perros.jpg
Adventuros Mini Sticks de Búfalo 90 Gr,0.99,https://www.petsonic.com/7283-large_default/purina-pro-plan-adventuros-mini-sticks-bufalo-para-perros.jpg
Adventuros Mini Sticks de Búfalo Pack 6 sobres de 90gr,5.67,https://www.petsonic.com/7283-large_default/purina-pro-plan-adventuros-mini-sticks-bufalo-para-perros.jpg
Adventuros Strips Venado 90 Gr,0.99,https://www.petsonic.com/7279-large_default/purina-pro-plan-adventuros-strips-venado-para-perros.jpg
Adventuros Strips Venado Pack 6 sobres de 90gr,5.67,https://www.petsonic.com/7279-large_default/purina-pro-plan-adventuros-strips-venado-para-perros.jpg
Adventuros Nuggets Jabalí 90 Gr,0.99,https://www.petsonic.com/7282-large_default/purina-pro-plan-adventuros-nuggets-jabali-para-perros.jpg
Adventuros Nuggets Jabalí Pack 6 sobres de 90gr,5.67,https://www.petsonic.com/7282-large_default/purina-pro-plan-adventuros-nuggets-jabali-para-perros.jpg
Adventuros Sticks de Búfalo 120 gr,0.86,https://www.petsonic.com/7284-large_default/purina-pro-plan-adventuros-sticks-bufalo-para-perros.jpg
Adventuros Sticks de Búfalo Packs 6 sobres de 120 gr,5.67,https://www.petsonic.com/7284-large_default/purina-pro-plan-adventuros-sticks-bufalo-para-perros.jpg
IB Snack Pollo y Manzana 1 x 6 sobres 227 gr,17.96,https://www.petsonic.com/7043-large_default/hill-s-ideal-balance-ib-snack-pollo-manzana-para-perros.jpg
IB Snack Pollo y Manzana 1 Sobre 227 gr,3.02,https://www.petsonic.com/7043-large_default/hill-s-ideal-balance-ib-snack-pollo-manzana-para-perros.jpg
IB Snack Pollo y Zanahoria 1 x 6 sobres 227 gr,17.96,https://www.petsonic.com/7044-large_default/hill-s-ideal-balance-ib-snack-pollo-zanahoria-para-perros.jpg
IB Snack Pollo y Zanahoria 1 Sobre 227 gr,3.02,https://www.petsonic.com/7044-large_default/hill-s-ideal-balance-ib-snack-pollo-zanahoria-para-perros.jpg
Biscuits Dental Bar 150gr. 1 Unidad.,2.61,https://www.petsonic.com/3454-large_default/purina-pro-plan-biscuits-dental-bar-150gr-para-perros.jpg
Biscuits Dental Bar 150gr. 4 Unidades,9.81,https://www.petsonic.com/3454-large_default/purina-pro-plan-biscuits-dental-bar-150gr-para-perros.jpg
Biscuits Light 400gr. 1 Unidad.,3.29,https://www.petsonic.com/3452-large_default/purina-pro-plan-biscuits-light-400gr-para-perros.jpg
Biscuits Light 400gr. 4 Unidades,12.51,https://www.petsonic.com/3452-large_default/purina-pro-plan-biscuits-light-400gr-para-perros.jpg
Treat Regional 56 gr. 1 Unidad.,5.75,https://www.petsonic.com/9784-large_default/orijen-treat-regional-56-gr-para-perros.jpg
Treat Regional 56 gr. 6 Unidades.,28.95,https://www.petsonic.com/9784-large_default/orijen-treat-regional-56-gr-para-perros.jpg
Treats Ranch Raised Lamb 56gr. 1 Unidad.,5.50,https://www.petsonic.com/9781-large_default/orijen-treats-ranch-raised-lamb-56gr-para-perros.jpg
Treats Ranch Raised Lamb 56gr. 6 Unidades.,34.07,https://www.petsonic.com/9781-large_default/orijen-treats-ranch-raised-lamb-56gr-para-perros.jpg
# ----- end of 5 page -----
Treats Brome Lake Duck 56 gr. 1 Unidad.,5.75,https://www.petsonic.com/9780-large_default/orijen-treats-brome-lake-duck-56-gr-para-perros.jpg
Treats Brome Lake Duck 56 gr. 6 Unidades.,28.95,https://www.petsonic.com/9780-large_default/orijen-treats-brome-lake-duck-56-gr-para-perros.jpg
Treat Wild Board 56 gr. 1 Unidad.,4.85,https://www.petsonic.com/9789-large_default/orijen-treat-wild-board-56-gr-para-perros.jpg
Treat Wild Board 56 gr. 6 Unidades.,28.95,https://www.petsonic.com/9789-large_default/orijen-treat-wild-board-56-gr-para-perros.jpg
Snacks Adiestramiento para Cachorros 75 gr,1.13,https://www.petsonic.com/6414-large_default/the-company-of-animals-snacks-adiestramiento-para-cachorros-para-perros.jpg
Puppy Snack 150 Gr.,1.62,https://www.petsonic.com/7477-large_default/affinity-advance-puppy-snack-para-perros.jpg
Puppy Snack 1 x 7 packs de 150 gr,11.25,https://www.petsonic.com/7477-large_default/affinity-advance-puppy-snack-para-perros.jpg
Dental Care Stick Mini 90 Gr,1.89,https://www.petsonic.com/7470-large_default/affinity-advance-dental-care-stick-mini-para-perros.jpg
Dental Care Stick Mini 1 x 13 packs de 90 gr,22.77,https://www.petsonic.com/7470-large_default/affinity-advance-dental-care-stick-mini-para-perros.jpg
Dental Care Stick Medium 7 Unidades.,2.95,https://www.petsonic.com/10262-large_default/affinity-advance-dental-care-stick-medium-para-perros.jpg
Dental Care Stick Medium 28 Unidades,9.95,https://www.petsonic.com/10262-large_default/affinity-advance-dental-care-stick-medium-para-perros.jpg
Immunity Snack 150 Gr.,1.53,https://www.petsonic.com/7473-large_default/affinity-advance-immunity-snack-para-perros.jpg
Immunity Snack 1 x 7 packs de 150 gr,10.71,https://www.petsonic.com/7473-large_default/affinity-advance-immunity-snack-para-perros.jpg
Hypoallergenic Snack 150 Gr.,1.53,https://www.petsonic.com/7474-large_default/affinity-advance-hypoallergenic-snack-para-perros.jpg
Hypoallergenic Snack 1 x 7 packs de 150 gr,10.71,https://www.petsonic.com/7474-large_default/affinity-advance-hypoallergenic-snack-para-perros.jpg
Appetite Control Snack 150 Gr.,1.53,https://www.petsonic.com/7475-large_default/affinity-advance-appetite-control-snack-para-perros.jpg
Appetite Control Snack 1 x 7 packs de 150 gr,10.71,https://www.petsonic.com/7475-large_default/affinity-advance-appetite-control-snack-para-perros.jpg
Articular Snack 150 Gr.,1.53,https://www.petsonic.com/7478-large_default/affinity-advance-articular-snack-para-perros.jpg
Articular Snack 1 x 14 packs de 155 gr,21.42,https://www.petsonic.com/7478-large_default/affinity-advance-articular-snack-para-perros.jpg
Veggie Dent Limpieza Dental XS,4.77,https://www.petsonic.com/3927-large_default/virbac-veggie-dent-limpieza-dental-para-perros.jpg
Veggie Dent Limpieza Dental S,5.13,https://www.petsonic.com/3927-large_default/virbac-veggie-dent-limpieza-dental-para-perros.jpg
Veggie Dent Limpieza Dental M,6.62,https://www.petsonic.com/3927-large_default/virbac-veggie-dent-limpieza-dental-para-perros.jpg
Veggie Dent Limpieza Dental L,7.29,https://www.petsonic.com/3927-large_default/virbac-veggie-dent-limpieza-dental-para-perros.jpg
Limpiador Dental Masticable para Perros 140 gr,5.58,https://www.petsonic.com/2019-large_default/bayer-limpiador-dental-masticable-para-perros.jpg
Dentastix 5-10 Kg Sticks Dentales 7 barritas,2.03,https://www.petsonic.com/10752-large_default/pedigree-dentastix-5-10-kg-sticks-dentales-para-perros.jpg
Dentastix 5-10 Kg Sticks Dentales 28 barritas,6.26,https://www.petsonic.com/10752-large_default/pedigree-dentastix-5-10-kg-sticks-dentales-para-perros.jpg
Dentastix 10-25Kg Sticks Dentales 7 barritas,2.93,https://www.petsonic.com/10753-large_default/pedigree-dentastix-10-25kg-sticks-dentales-para-perros.jpg
Dentastix 10-25Kg Sticks Dentales 28 barritas,8.51,https://www.petsonic.com/10753-large_default/pedigree-dentastix-10-25kg-sticks-dentales-para-perros.jpg
Pedigree Dentastix +25 Kg. 7 Unidades.,2.61,https://www.petsonic.com/8480-large_default/pedigree-dentastix-25-kg-para-perros.jpg
Pedigree Dentastix +25 Kg. 28 Unidades,10.23,https://www.petsonic.com/8480-large_default/pedigree-dentastix-25-kg-para-perros.jpg
Greenies Petite 1 unidad (17 GR),1.13,https://www.petsonic.com/39-large_default/greenies-petite-para-perros.jpg
Greenies Petite 10 Unidades (170 GR),8.06,https://www.petsonic.com/39-large_default/greenies-petite-para-perros.jpg
Greenies Petite 20 Unidades (340 GR),13.64,https://www.petsonic.com/39-large_default/greenies-petite-para-perros.jpg
Greenies Petite 2x 20 Unidades (680 GR),26.91,https://www.petsonic.com/39-large_default/greenies-petite-para-perros.jpg
Greenies Teenie 1 Unidad (8 GR),0.99,https://www.petsonic.com/38-large_default/greenies-teenie-para-perros.jpg
Greenies Teenie 22 Unidades (170 GR),8.06,https://www.petsonic.com/38-large_default/greenies-teenie-para-perros.jpg
Greenies Teenie 43 Unidades (340 GR),13.64,https://www.petsonic.com/38-large_default/greenies-teenie-para-perros.jpg
Greenies Teenie 2x 43 Unidades (680 GR),26.91,https://www.petsonic.com/38-large_default/greenies-teenie-para-perros.jpg
Greenies Large 4 Unidades (170 GR),8.06,https://www.petsonic.com/41-large_default/greenies-large-para-perros.jpg
Greenies Large 2x 4 Unidades (340 GR),12.83,https://www.petsonic.com/41-large_default/greenies-large-para-perros.jpg
Greenies Large 5x 4 Unidades (850 GR),33.53,https://www.petsonic.com/41-large_default/greenies-large-para-perros.jpg
Greenies Regular 1 Unidad (28.3 GR),1.13,https://www.petsonic.com/40-large_default/greenies-regular-para-perros.jpg
Greenies Regular 6 Unidades (170 GR),8.06,https://www.petsonic.com/40-large_default/greenies-regular-para-perros.jpg
Greenies Regular 12 Unidades (340 GR),13.64,https://www.petsonic.com/40-large_default/greenies-regular-para-perros.jpg
Greenies Regular 2x 12 Unidades (680 GR),26.91,https://www.petsonic.com/40-large_default/greenies-regular-para-perros.jpg
Delidog Barritas de Buey 800 Gr.,7.29,https://www.petsonic.com/8018-large_default/delidog-barritas-buey-para-perros.jpg
# ----- end of 6 page -----
Delidog Barritas de Cordero 800 Gr.,7.29,https://www.petsonic.com/8019-large_default/delidog-barritas-cordero-para-perros.jpg
Delidog Barritas de Pollo 800 Gr.,7.29,https://www.petsonic.com/8020-large_default/delidog-barritas-pollo-para-perros.jpg
Delidog Barritas de Salmón 800 Gr.,7.29,https://www.petsonic.com/8021-large_default/delidog-barritas-salmon-para-perros.jpg
Delidog Barritas Grain Free 800 Gr.,7.29,https://www.petsonic.com/8022-large_default/delidog-barritas-grain-free-para-perros.jpg
Barrita de Cordero 500 Gr.,4.23,https://www.petsonic.com/3194-large_default/nayeco-barrita-cordero-para-perros.jpg
Snack Toffy Mix para Perro 250 Gr.,2.79,https://www.petsonic.com/10931-large_default/nayeco-snack-toffy-mix-para-perros.jpg
Snack Toffy Salmón para Perro 250 Gr.,2.79,https://www.petsonic.com/10933-large_default/nayeco-snack-toffy-salmon-para-perros.jpg
Snack Capitan Jacks Salmon Trips para Perro 90 Gr,2.66,https://www.petsonic.com/10950-large_default/dimac-snack-capitan-jacks-salmon-trips-para-perros.jpg
Snack Capitan Jacks Salmon Bites para Perro 90 Gr,2.66,https://www.petsonic.com/10951-large_default/dimac-snack-capitan-jacks-salmon-bites-para-perros.jpg
Snacks Capitán Jacks Bacalao Twister para Perro 90 Gr,2.66,https://www.petsonic.com/10952-large_default/dimac-snacks-capitan-jacks-bacalao-twister-para-perros.jpg
Snacks Capitán Jacks Bacalao Chunks para Perro 90 Gr,2.66,https://www.petsonic.com/10953-large_default/dimac-snacks-capitan-jacks-bacalao-chunks-para-perros.jpg
Hueso Nylon Sabores para Perro Toy Pollo,4.91,https://www.petsonic.com/10958-large_default/tasty-bone-hueso-nylon-sabores-toy-para-perros.jpg
Hueso Nylon Sabores para Perro Toy Bacon,4.91,https://www.petsonic.com/10958-large_default/tasty-bone-hueso-nylon-sabores-toy-para-perros.jpg
Hueso Nylon Sabores para Perro Toy Ternera.,4.91,https://www.petsonic.com/10958-large_default/tasty-bone-hueso-nylon-sabores-toy-para-perros.jpg
Hueso Nylon Sabores para Perro Toy Cordero,4.91,https://www.petsonic.com/10958-large_default/tasty-bone-hueso-nylon-sabores-toy-para-perros.jpg
Hueso Nylon Sabores para Perro Pequeño Pollo,6.08,https://www.petsonic.com/10966-large_default/tasty-bone-hueso-nylon-sabores-pequeno-para-perros.jpg
Hueso Nylon Sabores para Perro Pequeño Bacon,6.08,https://www.petsonic.com/10966-large_default/tasty-bone-hueso-nylon-sabores-pequeno-para-perros.jpg
Hueso Nylon Sabores para Perro Pequeño Ternera.,6.08,https://www.petsonic.com/10966-large_default/tasty-bone-hueso-nylon-sabores-pequeno-para-perros.jpg
Hueso Nylon Sabores para Perro Pequeño Cordero,6.08,https://www.petsonic.com/10966-large_default/tasty-bone-hueso-nylon-sabores-pequeno-para-perros.jpg
Hueso Nylon Sabores para Perro Grande Pollo,10.58,https://www.petsonic.com/10972-large_default/tasty-bone-hueso-nylon-sabores-grande-para-perros.jpg
Hueso Nylon Sabores para Perro Grande Bacon,1.58,https://www.petsonic.com/10972-large_default/tasty-bone-hueso-nylon-sabores-grande-para-perros.jpg
Hueso Nylon Sabores para Perro Grande Ternera.,10.58,https://www.petsonic.com/10972-large_default/tasty-bone-hueso-nylon-sabores-grande-para-perros.jpg
Hueso Nylon Sabores para Perro Grande Cordero,10.58,https://www.petsonic.com/10972-large_default/tasty-bone-hueso-nylon-sabores-grande-para-perros.jpg
Pack 2 Huesos Nylon Sabores para Perro Toy Pato + Faisan,9.14,https://www.petsonic.com/10975-large_default/tasty-bone-pack-2-huesos-nylon-sabores-toy-para-perros.jpg
Pack 2 Huesos Nylon Sabores para Perro Toy Ternera + Pollo,9.14,https://www.petsonic.com/10975-large_default/tasty-bone-pack-2-huesos-nylon-sabores-toy-para-perros.jpg
Pack 2 Huesos Nylon Sabores para Perro Toy Barbacoa + Ternera,9.14,https://www.petsonic.com/10975-large_default/tasty-bone-pack-2-huesos-nylon-sabores-toy-para-perros.jpg
Pack 2 Huesos Nylon Sabores para Perro Toy Ternera + Bacon,9.14,https://www.petsonic.com/10975-large_default/tasty-bone-pack-2-huesos-nylon-sabores-toy-para-perros.jpg
Pack 2 Huesos Nylon Sabores para Perro Pequeño Pato + Faisan,11.84,https://www.petsonic.com/10979-large_default/tasty-bone-pack-2-huesos-nylon-sabores-pequeno-para-perros.jpg
Pack 2 Huesos Nylon Sabores para Perro Pequeño Ternera + Pollo,11.84,https://www.petsonic.com/10979-large_default/tasty-bone-pack-2-huesos-nylon-sabores-pequeno-para-perros.jpg
Pack 2 Huesos Nylon Sabores para Perro Pequeño Barbacoa + Ternera,11.84,https://www.petsonic.com/10979-large_default/tasty-bone-pack-2-huesos-nylon-sabores-pequeno-para-perros.jpg
Pack 2 Huesos Nylon Sabores para Perro Pequeño Ternera + Bacon,11.84,https://www.petsonic.com/10979-large_default/tasty-bone-pack-2-huesos-nylon-sabores-pequeno-para-perros.jpg
Hueso de Nylon Sabores para Perro Gigante Pollo,17.28,https://www.petsonic.com/10983-large_default/tasty-bone-hueso-nylon-sabores-gigante-para-perros.jpg
Hueso de Nylon Sabores para Perro Gigante Bacon,17.28,https://www.petsonic.com/10983-large_default/tasty-bone-hueso-nylon-sabores-gigante-para-perros.jpg
Hueso de Nylon Sabores para Perro Gigante Ternera.,17.28,https://www.petsonic.com/10983-large_default/tasty-bone-hueso-nylon-sabores-gigante-para-perros.jpg
Hueso de Nylon Sabores para Perro Gigante Cordero,17.28,https://www.petsonic.com/10983-large_default/tasty-bone-hueso-nylon-sabores-gigante-para-perros.jpg
Hueso Nylon Trío Sabores para Perro Pequeño Pollo,12.96,https://www.petsonic.com/10988-large_default/tasty-bone-hueso-nylon-trio-sabores-pequeno-para-perros.jpg
Hueso Nylon Trío Sabores para Perro Pequeño Bacon,12.96,https://www.petsonic.com/10988-large_default/tasty-bone-hueso-nylon-trio-sabores-pequeno-para-perros.jpg
Hueso Nylon Trío Sabores para Perro Pequeño Ternera.,12.96,https://www.petsonic.com/10988-large_default/tasty-bone-hueso-nylon-trio-sabores-pequeno-para-perros.jpg
Hueso Nylon Trío Sabores para Perro Pequeño Cordero,12.96,https://www.petsonic.com/10988-large_default/tasty-bone-hueso-nylon-trio-sabores-pequeno-para-perros.jpg
Hueso Nylon Trío sabores para Perro Grande Pollo,15.12,https://www.petsonic.com/10991-large_default/tasty-bone-hueso-nylon-trio-sabores-grande-para-perros.jpg
Hueso Nylon Trío sabores para Perro Grande Bacon,15.12,https://www.petsonic.com/10991-large_default/tasty-bone-hueso-nylon-trio-sabores-grande-para-perros.jpg
Hueso Nylon Trío sabores para Perro Grande Ternera.,15.12,https://www.petsonic.com/10991-large_default/tasty-bone-hueso-nylon-trio-sabores-grande-para-perros.jpg
Hueso Nylon Trío sabores para Perro Grande Cordero,15.12,https://www.petsonic.com/10991-large_default/tasty-bone-hueso-nylon-trio-sabores-grande-para-perros.jpg
Snack Cepillo Dental Tamaño XS para Perro 48 unidades,10.17,https://www.petsonic.com/11009-large_default/whimzees-snack-cepillo-dental-tamano-xs-para-perros.jpg
# ----- end of 7 page -----
Snack Cepillo Dental Tamaño S para Perro 24 Unidades.,10.17,https://www.petsonic.com/11007-large_default/whimzees-snack-cepillo-dental-tamano-s-para-perros.jpg
Snack Cepillo Dental Tamaño M para Perro 12 Unidades.,10.17,https://www.petsonic.com/11011-large_default/whimzees-snack-cepillo-dental-tamano-m-para-perros.jpg
Snack Cepillo Dental Tamaño L para Perro 6 Unidades.,10.17,https://www.petsonic.com/11013-large_default/whimzees-snack-cepillo-dental-tamano-l-para-perros.jpg
Stick Dental Talla S para Perro 24+4 unidades,10.17,https://www.petsonic.com/11015-large_default/whimzees-stick-dental-talla-s-para-perros.jpg
Stick Dental Talla M para Perro 12+2 unidades,10.17,https://www.petsonic.com/11017-large_default/whimzees-stick-dental-talla-m-para-perros.jpg
Stick Dental Talla L para Perro 6+1 unidades,10.17,https://www.petsonic.com/11019-large_default/whimzees-stick-dental-talla-l-para-perros.jpg
Snack Cocodrilo Talla S para Perro 24 Unidades.,10.17,https://www.petsonic.com/11021-large_default/whimzees-snack-cocodrilo-talla-s-para-perros.jpg
Snack Cocodrilo Talla M para Perro 12 Unidades.,10.17,https://www.petsonic.com/11023-large_default/whimzees-snack-cocodrilo-talla-m-para-perros.jpg
Snack Cocodrilo Talla L para Perro 6 Unidades.,10.17,https://www.petsonic.com/11025-large_default/whimzees-snack-cocodrilo-talla-l-para-perros.jpg
Snack de Pescado y Patata para Perro 75 Gr.,4.46,https://www.petsonic.com/11026-large_default/fish4dogs-snack-pescado-patata-para-perros.jpg
Snack Toffy Pollo para Perro 75 Gr.,2.48,https://www.petsonic.com/11042-large_default/nayeco-snack-toffy-pollo-para-perros.jpg
Snack Toffy Cordero para Perro 75 Gr.,2.48,https://www.petsonic.com/11044-large_default/nayeco-snack-toffy-cordero-para-perros.jpg
Huesos Piel Sabor Bacon para Perro 10 cm,2.66,https://www.petsonic.com/11046-large_default/nayeco-huesos-piel-sabor-bacon-para-perros.jpg
Huesos Piel Sabor Pollo para Perro 10 cm,2.66,https://www.petsonic.com/11047-large_default/nayeco-huesos-piel-sabor-pollo-para-perros.jpg
Hueso Piel Pollo para Perro 10 cm,1.08,https://www.petsonic.com/11049-large_default/nayeco-hueso-piel-pollo-para-perros.jpg
Hueso Piel Pollo para Perro 15 cm,2.52,https://www.petsonic.com/11049-large_default/nayeco-hueso-piel-pollo-para-perros.jpg
Hueso Piel con Carne de Pollo para perro 6 cm,1.76,https://www.petsonic.com/11053-large_default/nayeco-hueso-piel-carne-pollo-para-perros.jpg
Hueso Piel con Carne de Pollo para perro 11 cm,2.30,https://www.petsonic.com/11053-large_default/nayeco-hueso-piel-carne-pollo-para-perros.jpg
Hueso Piel Carne de Salmón para Perro 6 cm,1.98,https://www.petsonic.com/11052-large_default/nayeco-hueso-piel-carne-salmon-para-perros.jpg
Hueso Piel Carne de Salmón para Perro 11 cm,2.30,https://www.petsonic.com/11052-large_default/nayeco-hueso-piel-carne-salmon-para-perros.jpg
Stick Con Carne de pollo para Perro 100 Gr.,2.66,https://www.petsonic.com/11059-large_default/hobbit-alf-stick-carne-pollo-para-perros.jpg
Stick Talla XXL con Carne de Pollo para Perro 130 gr,3.11,https://www.petsonic.com/11060-large_default/hobbit-alf-stick-talla-xxl-carne-pollo-para-perros.jpg
Snack Pescaditos con Pollo para Perro 100 Gr.,2.03,https://www.petsonic.com/11137-large_default/hobbit-alf-snack-pescaditos-pollo-para-perros.jpg
# ----- end of 8 page -----
Barritas de Ternera con Omega-3 para Perro 1 Kg.,14.22,https://www.petsonic.com/11134-large_default/hobbit-alf-barritas-ternera-omega-3-para-perros.jpg
Barritas de Pollo con Omega-3 para Perro 1 Kg.,14.22,https://www.petsonic.com/11133-large_default/hobbit-alf-barritas-pollo-omega-3-para-perros.jpg
Barritas de Cordero Omega-3 para Perro 1 Kg.,14.22,https://www.petsonic.com/11132-large_default/hobbit-alf-barritas-cordero-omega-3-para-perros.jpg
Hueso piel con Carne de Pollo y Cerdo para Perro 6 cm,3.38,https://www.petsonic.com/11163-large_default/nayeco-hueso-piel-carne-pollo-cerdo-para-perros.jpg
Snack Toffy Salmón para Perro 250 Gr.,2.79,https://www.petsonic.com/10933-large_default/nayeco-snack-toffy-salmon-para-perros.jpg
Snack Dentalife para Perros Mini 7 Unidades.,1.76,https://www.petsonic.com/11184-large_default/purina-pro-plan-snack-dentalife-mini-para-perros.jpg
Snack Dentalife para Perros Mini 21 unidades,4.46,https://www.petsonic.com/11184-large_default/purina-pro-plan-snack-dentalife-mini-para-perros.jpg
Snack Dentalife para Perros Medianos 5 Unidades.,1.76,https://www.petsonic.com/11186-large_default/purina-pro-plan-snack-dentalife-medianos-para-perros.jpg
Snack Dentalife para Perros Medianos 15 Unidades.,4.46,https://www.petsonic.com/11186-large_default/purina-pro-plan-snack-dentalife-medianos-para-perros.jpg
Snack Dentalife para Perros Grandes 4 Unidades,1.76,https://www.petsonic.com/11188-large_default/purina-pro-plan-snack-dentalife-grandes-para-perros.jpg
Snack Dentalife para Perros Grandes 12 Unidades.,4.46,https://www.petsonic.com/11188-large_default/purina-pro-plan-snack-dentalife-grandes-para-perros.jpg
Asta de Ciervo para Perro S,3.92,https://www.petsonic.com/11247-large_default/natural-horn-asta-ciervo-para-perros.jpg
Asta de Ciervo para Perro M,5.54,https://www.petsonic.com/11247-large_default/natural-horn-asta-ciervo-para-perros.jpg
Asta de Ciervo para Perro L,9.86,https://www.petsonic.com/11247-large_default/natural-horn-asta-ciervo-para-perros.jpg
Asta de Ciervo para Perro XL,15.08,https://www.petsonic.com/11247-large_default/natural-horn-asta-ciervo-para-perros.jpg
Asta de Ciervo para Perro XXL,17.64,https://www.petsonic.com/11247-large_default/natural-horn-asta-ciervo-para-perros.jpg
Caja con Rollos de Piel Deshidratada para Perro 3 Unidades.,10.35,https://www.petsonic.com/10672-large_default/bravo-caja-rollos-piel-deshidratada-para-perro.jpg
Huesos Piel Pollo y Ternera para Perro 5 Unidades.,4.68,https://www.petsonic.com/11537-large_default/iams-huesos-piel-pollo-y-ternera-para-perros.jpg
Huesos Piel Pollo y Ternera para Perro 6 Unidades.,12.24,https://www.petsonic.com/11537-large_default/iams-huesos-piel-pollo-y-ternera-para-perros.jpg
Huesos Piel Pollo y Ternera para Perro 7 Unidades.,5.09,https://www.petsonic.com/11537-large_default/iams-huesos-piel-pollo-y-ternera-para-perros.jpg
Huesos Piel Pollo y Ternera para Perro 21 unidades,12.51,https://www.petsonic.com/11537-large_default/iams-huesos-piel-pollo-y-ternera-para-perros.jpg
Huesos Piel Pollo y Jamón para Perro 7 Unidades.,4.95,https://www.petsonic.com/11528-large_default/iams-huesos-piel-pollo-y-jamon-para-perros.jpg
Hueso Piel Pollo y Ternera para Perro S,3.29,https://www.petsonic.com/11547-large_default/iams-hueso-piel-pollo-y-ternera-para-perros.jpg
Hueso Piel Pollo y Ternera para Perro M,4.23,https://www.petsonic.com/11547-large_default/iams-hueso-piel-pollo-y-ternera-para-perros.jpg
Hueso Piel Pollo y Ternera para Perro L,5.13,https://www.petsonic.com/11547-large_default/iams-hueso-piel-pollo-y-ternera-para-perros.jpg
Hueso Piel Pollo y Jamón para Perro S,3.29,https://www.petsonic.com/11531-large_default/iams-hueso-piel-pollo-y-jamon-para-perros.jpg
Hueso Piel Pollo y Jamón para Perro L,5.13,https://www.petsonic.com/11531-large_default/iams-hueso-piel-pollo-y-jamon-para-perros.jpg
Sticks Pollo y Ternera para Perro 3 Unidades.,4.68,https://www.petsonic.com/11532-large_default/iams-sticks-pollo-y-ternera-para-perros.jpg
Stick en Espiral Pollo y Ternera para Perro 55 Gr.,4.68,https://www.petsonic.com/11549-large_default/iams-stick-en-espiral-pollo-y-ternera-para-perros.jpg
Stick en Espiral Pollo y Ternera para Perro 190 gr,9.41,https://www.petsonic.com/11549-large_default/iams-stick-en-espiral-pollo-y-ternera-para-perros.jpg
Stick en Espiral Pollo y Jamón para Perro 55 Gr.,4.68,https://www.petsonic.com/11534-large_default/iams-stick-en-espiral-pollo-y-jamon-para-perros.jpg
Stick en Espiral Pollo y Jamón para Perro 190 gr,9.41,https://www.petsonic.com/11534-large_default/iams-stick-en-espiral-pollo-y-jamon-para-perros.jpg
Snack Ternera y Manzana para Perro 100 Gr.,1.40,https://www.petsonic.com/11538-large_default/iams-snack-ternera-y-manzana-para-perros.jpg
Snack Pollo y Zanahoria para Perro 100 Gr.,1.40,https://www.petsonic.com/11539-large_default/iams-snack-pollo-y-zanahoria-para-perros.jpg
Snack Cordero y Arándano para Perro 100 Gr.,1.40,https://www.petsonic.com/11550-large_default/iams-snack-cordero-arandano-para-perros.jpg
# ----- end of 9 page -----
Plaque off Croq para Perro 60 Gr.,8.28,https://www.petsonic.com/11673-large_default/divsa-plaque-off-croq-para-perro.jpg
Plaque off Croq para Perro 150 Gr.,10.76,https://www.petsonic.com/11673-large_default/divsa-plaque-off-croq-para-perro.jpg
Orejas de Conejo Deshidratadas para Perro 100 Gr.,4.23,https://www.petsonic.com/11775-large_default/pepper-s-choice-orejas-de-conejo-deshidratadas-para-perro.jpg
Piel de Ciervo Deshidratada para Perro 150 Gr.,6.08,https://www.petsonic.com/11774-large_default/pepper-s-choice-piel-de-ciervo-deshidratada-para-perro.jpg
Glyco-flex l Snacks para Perro 120 Comprimidos,52.11,https://www.petsonic.com/11857-large_default/glyco-flex-l-snacks-para-perro.jpg
Glyco-flex ll Snacks para Perro 60 Comprimidos,33.26,https://www.petsonic.com/11858-large_default/vetnova-glyco-flex-ll-snacks-para-perro.jpg
Glyco-flex ll Snacks para Perro 120 Comprimidos,54.86,https://www.petsonic.com/11858-large_default/vetnova-glyco-flex-ll-snacks-para-perro.jpg
Glyco-flex ll Snacks para Gatos y Perros Pequeños 60 Comprimidos,26.96,https://www.petsonic.com/11859-large_default/vetnova-glyco-flex-l-snacks-para-gatos-y-perros-pequenos.jpg
Glyco-flex lll Snacks para Perro 60 Comprimidos,38.66,https://www.petsonic.com/11863-large_default/vetnova-glyco-flex-lll-snacks-para-perro.jpg
Glyco-flex lll Snacks para Perro 120 Comprimidos,66.56,https://www.petsonic.com/11863-large_default/vetnova-glyco-flex-lll-snacks-para-perro.jpg
Glyco-flex lll Snacks para Perro Mini 60 Comprimidos,33.26,https://www.petsonic.com/11862-large_default/vetnova-glyco-flex-lll-snacks-para-perro-mini.jpg
Multiva Active para Perro 45 Comprimidos,16.16,https://www.petsonic.com/11868-large_default/vetnova-multiva-active-para-perro.jpg
Multiva Calming para Gatos y Perros Pequeños 21 Comprimidos,9.36,https://www.petsonic.com/11869-large_default/vetnoca-multiva-calming-para-gato-y-perros-pequenos.jpg
Multiva Calming para Perros Medianos y Grandes 21 Comprimidos,16.16,https://www.petsonic.com/11870-large_default/vetnova-multiva-calming-para-perros-medianos-y-grandes.jpg
Multiva Motion para Perro 60 Comprimidos,16.16,https://www.petsonic.com/11872-large_default/vetnova-multiva-motion-para-perro.jpg
Fruit Mix para Perro 1 Unidad.,1.13,https://www.petsonic.com/12039-large_default/hobbit-alf-fruit-mix-para-perro.jpg
Fruit Mix para Perro 16 Unidades,17.06,https://www.petsonic.com/12039-large_default/hobbit-alf-fruit-mix-para-perro.jpg
Hueso Nylon Sabores Gourmet para Perro Pollo,5.36,https://www.petsonic.com/11953-large_default/tasty-bone-hueso-nylon-sabores-gourmet-para-perros.jpg
Hueso Nylon Sabores Gourmet para Perro Faisan,5.36,https://www.petsonic.com/11953-large_default/tasty-bone-hueso-nylon-sabores-gourmet-para-perros.jpg
Hueso Nylon Sabores Gourmet para Perro Ciervo,5.36,https://www.petsonic.com/11953-large_default/tasty-bone-hueso-nylon-sabores-gourmet-para-perros.jpg
Hueso Nylon Sabores Gourmet para Perro Ternera.,5.36,https://www.petsonic.com/11953-large_default/tasty-bone-hueso-nylon-sabores-gourmet-para-perros.jpg
Hueso Nylon Sabores Gourmet para Perro Salmón,5.36,https://www.petsonic.com/11953-large_default/tasty-bone-hueso-nylon-sabores-gourmet-para-perros.jpg
Hueso Nylon Sabores Gourmet para Perro Langostino a la Barbacoa,5.36,https://www.petsonic.com/11953-large_default/tasty-bone-hueso-nylon-sabores-gourmet-para-perros.jpg
Hueso Nylon Sabores Gourmet para Perro Pato,5.36,https://www.petsonic.com/11953-large_default/tasty-bone-hueso-nylon-sabores-gourmet-para-perros.jpg
Snacks de Ternera en Monodosis para Perro 16 Unidades,13.95,https://www.petsonic.com/12023-large_default/snacks-de-ternera-en-monodosis-para-perro.jpg
Snacks de Pollo en Monodosis para Perro 16 Unidades,12.56,https://www.petsonic.com/12024-large_default/snacks-de-pollo-en-monodosis-para-perro.jpg
Snacks de Queso en Monodosis para Perro 16 Unidades,12.56,https://www.petsonic.com/12025-large_default/snacks-de-queso-en-monodosis-para-perro.jpg
Snacks de Higado en Monodosis para Perro 16 Unidades,12.56,https://www.petsonic.com/12026-large_default/snacks-de-higado-en-monodosis-para-perro.jpg
Snacks de Pescado en Monodosis para Perro 16 Unidades,12.56,https://www.petsonic.com/12027-large_default/snacks-de-pescado-en-monodosis-para-perro.jpg
Snacks de Pato en Monodosis para Perro 16 Unidades,12.56,https://www.petsonic.com/12028-large_default/snacks-de-pato-en-monodosis-para-perro.jpg
# ----- end of 10 page -----
Snacks de Cordero en Monodosis para Perro 16 Unidades,12.56,https://www.petsonic.com/12029-large_default/snacks-de-cordero-en-monodosis-para-perro.jpg
Snack Metabolic Treats Canine 220 Gr,3.38,https://www.petsonic.com/12043-large_default/snack-metabolic-treats-canine.jpg
Snacks Z/D Treat Canine 220 Gr,3.38,https://www.petsonic.com/12044-large_default/snacks-zd-treat-canine.jpg
Sticks de Ternera en Monodosis para Perro 12 Unidades.,1.76,https://www.petsonic.com/12046-large_default/sticks-de-ternera-en-monodosis-para-perro.jpg
Sticks de Pollo en Monodosis para Perro 16 Unidades,1.76,https://www.petsonic.com/12047-large_default/sticks-de-pollo-en-monodosis-para-perro.jpg
Sticks de Higado en Monodosis para Perro 16 Unidades,1.76,https://www.petsonic.com/12049-large_default/sticks-dehigado-en-monodosis-para-perro.jpg
Sticks de Pato en Monodosis para Perro 16 Unidades,1.76,https://www.petsonic.com/12050-large_default/sticks-de-pato-en-monodosis-para-perro.jpg
Sticks de Cordero en Monodosis para Perro 16 Unidades,1.76,https://www.petsonic.com/12051-large_default/sticks-de-cordero-en-monodosis-para-perro.jpg
Sticks de Queso en Monodosis para Perro 16 Unidades,1.95,https://www.petsonic.com/12048-large_default/sticks-de-queso-en-monodosis-para-perro.jpg
Snacks Happy Stripes de Ternera para Perro 500 Gr.,4.54,https://www.petsonic.com/12123-large_default/snacks-happy-stripes-ternera-para-perro.jpg
Snacks Crispy Duck para Perro 100 Gr.,3.56,https://www.petsonic.com/12124-large_default/snacks-cripspy-duck-para-perro.jpg
Snack Pollo y Merluza para Perro 75 Gr.,1.76,https://www.petsonic.com/12125-large_default/snack-pollo-merluza-para-perro.jpg
Braaaf Hueso de piel de pescado para Perro 90 Gr,4.54,https://www.petsonic.com/12144-large_default/hueso-piel-pescado-para-perro.jpg
Braaaf Hueso de piel de pescado para Perro 100 Gr.,4.70,https://www.petsonic.com/12144-large_default/hueso-piel-pescado-para-perro.jpg
Braaaf Hueso de piel de pescado para Perro 120 gr,5.14,https://www.petsonic.com/12144-large_default/hueso-piel-pescado-para-perro.jpg
Snakcs Pollo y Plátano para Perro 100 Gr.,2.33,https://www.petsonic.com/12403-large_default/snakcs-pollo-platano-para-perro.jpg
Snack Pollo y Queso para Perro 100 Gr.,2.33,https://www.petsonic.com/12404-large_default/snack-pollo-queso-para-perro.jpg
Snack Pato para Perro 80 Gr,2.66,https://www.petsonic.com/12405-large_default/snack-pato-para-perro.jpg
Snack Pato y Arroz para Perro 80 Gr,2.66,https://www.petsonic.com/12406-large_default/snack-pato-arroz-para-perro.jpg
Snack Paté de Salmón para Perro 110 Gr.,3.38,https://www.petsonic.com/12407-large_default/snack-pate-salmon-para-perro.jpg
Snack Paté de Bacon para Perro 110 Gr.,3.38,https://www.petsonic.com/12408-large_default/snack-pate-bacon-para-perro.jpg
Snacks Bites Pato para Perro 80 Gr,2.66,https://www.petsonic.com/12447-large_default/snacks-bites-pato-para-perro.jpg
# ----- end of 11 page -----
